id,name,region,regime_type,alliance_block,gdp,population,fx_reserves,public_debt_pct_gdp,energy_reserve,energy_production,energy_consumption,food_reserve,food_production,food_consumption,metals_reserve,metals_production,metals_consumption,trust_gov,social_tension,inequality_gini,climate_risk,co2_annual_emissions,biodiversity_local,pdi,idv,mas,uai,lto,ind,traditional_secular,survival_self_expression,tech_level,security_index,military_power,water_stress,regime_stability,debt_crisis_prone,conflict_proneness
C01,United States,North America,Democracy,Western,25.604848907611,328215871.55461293,0.5443947286848557,60.38021354893801,2.3738210353320106,0.0485394146650181,0.20636419127818198,9.593415603671557,196.5164109182545,192.38383525648663,0.0,646.9182380674849,218.42374007851933,0.484166982474442,0.28285301989087064,46.39923838942682,0.590014162175297,4.887452087071308,0.66586621531566,40.0,91.0,62.0,46.0,26.0,68.0,4.5,7.5,1.0009990808349225,0.5,0.85,0.3957842753148658,0.6623489760414234,0.2194699664250736,0.3782423729931513
C02,China,East Asia,Autocracy,Eurasian,18.3167650216902,1403639241.1577404,3.34519376388814,29.538299610146655,2.3738210353320106,0.0485394146650181,0.1381475825674942,9.671712288951575,702.2374220562623,708.7228889460962,0.0,387.00501613200106,130.55454494320307,0.4857932185765651,0.3698254990912958,37.330737847227674,0.6991848627104518,12.896718003059725,0.5084015058333564,80.0,20.0,66.0,30.0,87.0,24.0,7.0,4.0,1.0009196329455665,0.5,0.6699999999999999,0.5261307160768232,0.7567034881103836,0.586924674033501,0.5213495470650329
C03,Japan,East Asia,Democracy,Western,4.26246331779653,129998960.2989957,1.467248838225068,216.8702482346297,0.29672762941650127,0.0060674268331272615,0.031857003998506536,10.3604290410108,60.00704007862156,57.85090445811441,0.0,88.6390157948945,30.06388633852952,0.052577705604440014,0.7276204647418166,39.754644695995765,0.6699387556295303,1.0389892365024598,0.6369926820156232,54.0,46.0,95.0,92.0,88.0,42.0,7.5,6.5,1.0009092584948258,0.5,0.6,0.5951465337549102,0.5003391772506796,0.5002850310909868,0.4026229351959982
C04,Germany,Europe,Democracy,Western,4.20102170647862,84291620.35367757,0.09426204407391522,0.0,0.5934552588330027,0.012134853666254525,0.03449620641622288,12.00493820802558,39.12374295152202,39.06606443047599,0.0,101.16073063311164,34.22537114311884,0.5083685403766627,0.30265124580866953,39.590440302489,0.5629113045204928,0.7420838044280897,0.591229113712349,35.0,67.0,66.0,65.0,83.0,40.0,8.0,7.5,1.0009995570094217,0.5,0.65,0.2693919756361003,0.6709547508980012,0.218069052279073,0.448153938029727
C05,India,South Asia,Democracy,IndoPacific,3.34610728773093,1397554614.4333394,0.334310993025188,6.713089091145213,1.4836381470825062,0.0303371341656363,0.027511693370218186,10.804807330610895,579.9908508876415,582.7720490613794,0.0,73.65726540769612,24.780947308152566,0.529347209107841,0.30557983987236215,27.354810209288548,0.6220106697900695,2.550896126822991,0.6057339360601771,77.0,48.0,56.0,40.0,51.0,26.0,3.5,4.5,1.0004999882096965,0.5,0.74,0.7482418138556036,0.6259328143826288,0.7223365336846855,0.4699296523087955
C06,United Kingdom,Europe,Democracy,Western,3.18124435046541,67539823.4085964,0.20950465103372654,150.24025425219864,0.29672762941650127,0.0060674268331272615,0.025865659658655626,10.100643768092288,31.221390337870876,31.967329162298828,0.0,64.91751347823651,21.803140233361507,0.5061478655347316,0.2770243568605851,41.941167927009474,0.499971994742354,0.33535451208961575,0.5927734074627451,35.0,89.0,66.0,35.0,51.0,69.0,6.5,7.5,1.000996770917405,0.5,0.7,0.3210591051612422,0.5993008139124154,0.2041034979217373,0.3571891625682956
C07,France,Europe,Democracy,Western,2.79478813706694,68676879.93657756,0.06531741215978755,35.31838134949089,0.29672762941650127,0.0060674268331272615,0.02310921934199133,9.8013020117646,35.46617575820218,35.01830646746826,0.0,57.50735506766463,19.33674667862145,0.509782417390647,0.2969182927803417,38.96019912660663,0.49342890695985053,0.29993843966184325,0.5927956808024144,68.0,71.0,43.0,86.0,63.0,48.0,7.5,7.0,1.0010001107053261,0.5,0.69,0.2625626061875527,0.6837568562275942,0.2106063416183932,0.4487511955411998
C08,Italy,Europe,Democracy,Western,2.10406763031946,62062827.20714584,0.07890842238494343,93.11999080088029,0.29672762941650127,0.0060674268331272615,0.01751746682708092,12.646616579608494,32.22430464189468,33.802350089277034,0.0,47.455616807312026,15.981459066024922,0.5032521661463026,0.2945713345897808,40.74698494486104,0.5110234608838933,0.31058241852980956,0.5936983834028572,50.0,76.0,70.0,75.0,61.0,30.0,6.5,6.5,1.0009969367312483,0.5,0.65,0.2950214002445436,0.5736271677842548,0.2106883565615579,0.3751950787714537
C09,Brazil,South America,Democracy,Latin,1.95192383208387,203874113.363549,0.354174892918288,48.35440058679096,0.8901828882495036,0.01820228049938178,0.01656779825847293,10.616973739625491,115.81480450987476,110.63863073716207,0.0,46.80782376697567,15.840555095769338,0.432445478803253,0.39633810893491045,64.4958749910713,0.5375901999424014,0.3569776287307497,0.8284932558147399,69.0,38.0,49.0,76.0,44.0,59.0,4.0,5.5,1.0010536698144823,0.5,0.64,0.4247980162414667,0.6758384135908102,0.7033722519983744,0.3270361678880112
C10,Canada,North America,Democracy,Western,2.19041108013432,37862384.43251443,0.0796954458698993,0.0,4.9438379349498,0.024999999999999998,0.016433267674913953,11.516632652186146,22.157462415449604,22.830124680166897,0.0,45.68311394615355,15.391026021449173,0.5113990236180851,0.28560910301665854,38.59576699662411,0.5002714590596882,0.5548813437747966,0.6956112677202627,39.0,80.0,52.0,48.0,36.0,68.0,5.5,7.5,1.0010007718541676,0.5,0.63,0.3135427912744069,0.6410837030231167,0.2767727952452168,0.3200777769259371
C11,South Korea,East Asia,Democracy,Western,1.79936311686652,52759965.12935467,0.363149330364607,0.0,6.651896706688907,0.024999999999999998,0.013949086953697504,12.868068646257091,22.34817551985029,23.450519107631735,0.0,42.64737359808701,14.324560886158869,0.49559441810260924,0.3627493773622968,37.54893958114961,0.7784986145907908,0.6040359761995526,0.6442124584321107,60.0,18.0,39.0,85.0,100.0,29.0,6.0,6.0,1.0009946305756567,0.5,0.78,0.5097499816689529,0.6821231437156319,0.463974538338331,0.3052543372541993
C12,Russia,Europe,Hybrid,Eurasian,2.2916121213346403,147026467.57694483,0.319835210258841,0.0,4.9438379349498,0.024999999999999998,0.015663270628705265,11.197148752506155,68.13756149372794,65.27234480043286,0.0,42.88989493062815,14.558300905753107,0.4990225800954995,0.33844449592342724,38.73198483228911,0.6743367359627763,1.7526245429511202,0.5850480641355178,93.0,39.0,36.0,95.0,81.0,20.0,5.5,4.5,1.001063235132531,0.5,0.9,0.331809164694839,0.525647564962808,0.4888266593985066,0.5110525335398564
C13,Australia,Oceania,Democracy,Western,1.6956275354758001,26332826.582044024,0.042752855070596,1.0549618600258357,1.5277203914715836,0.024999999999999998,0.013114697908298832,10.851827860258814,16.662561719840827,16.831002392598876,0.0,35.36739107121896,11.949168739923488,0.5017749001285812,0.27738179814781866,44.94911667415083,0.6750297569714246,0.3426214148044795,0.8967741564924314,36.0,90.0,61.0,51.0,21.0,71.0,6.0,8.0,1.0010001428752513,0.5,0.7,0.265570078064151,0.5851027157024393,0.4972428797727028,0.3741795627808728
C14,Spain,Europe,Democracy,Western,1.44885065840662,47948514.81042749,0.0443776622358777,34.42598009075269,1.5277203914715836,0.024999999999999998,0.012245383235345136,12.02683685999045,22.356498742246433,23.329742101757446,0.0,35.10827534194347,11.769102572995038,0.5014920156104683,0.32453957041525444,40.8151184919005,0.5140631855153541,0.24457176147287935,0.59476689812351,57.0,51.0,42.0,86.0,48.0,44.0,6.5,6.5,1.001211399842828,0.5,0.62,0.3418576692518522,0.5961419414667877,0.2670782805045285,0.3496846286991404
C15,Mexico,North America,Democracy,Latin,1.4669347242930602,122702272.49634005,0.173457747218176,25.250373069144672,1.1877504908362542,0.02428688293480229,0.013597615218334873,11.524980542408322,83.11867058963362,82.05270169808682,0.0,35.74553612162915,12.13721947837594,0.45627763903949053,0.3867512994921234,54.16586102016877,0.5775424684582331,0.395607579769622,0.6865916499479618,81.0,30.0,69.0,82.0,24.0,97.0,4.0,5.5,1.001486167608864,0.5,0.55,0.3788364965331059,0.6913188773343681,0.2171702480873182,0.3892059041944141
C16,Indonesia,East Asia,Democracy,IndoPacific,1.3191011833801498,270837761.8973427,0.103268247088719,31.015963613361144,0.8901828882495036,0.01820228049938178,0.01036781507014277,11.766275502708272,128.2917383228537,130.57855857555302,0.0,31.44696197240704,10.679092217011654,0.48280642662144446,0.3788143099482266,39.150330754989355,0.6193967258636908,0.5251943925207401,0.6213951530906635,78.0,14.0,46.0,48.0,62.0,38.0,3.0,4.0,1.000495589117245,0.5,0.58,0.5027673506178166,0.5898887194170478,0.5009211165618559,0.3731438265287047
C17,Netherlands,Europe,Democracy,Western,1.04654079754864,18992194.288711727,0.021985806411239445,0.0,0.5934552588330027,0.012134853666254525,0.00858567046409701,12.672491244388983,9.347513726280743,9.049106936363518,0.0,21.599599271918844,7.209326959138878,0.5268856208713033,0.27809581562084135,33.105058404975765,0.4985227702548029,0.1711602740151244,0.5978309571633829,38.0,80.0,14.0,53.0,67.0,68.0,8.5,8.5,1.0010025979830728,0.5,0.64,0.2967958139619332,0.6511791390383492,0.4890669935463257,0.3475064972354517
C18,Saudi Arabia,Middle East,Autocracy,MENA,1.2390752,30728929.70069957,0.615985084477742,0.0,0.29672762941650127,0.0060674268331272615,0.009214082237309863,9.303837706659511,11.596244803507876,11.704859303717248,0.0,26.111893220142072,8.76508087779377,0.4502788653180755,0.3994445262912913,51.036571937765125,0.618826936276216,0.6441943293106118,0.5462238615555501,95.0,25.0,60.0,80.0,36.0,52.0,2.0,3.5,1.00127584539948,0.5,1.3,0.873894635729088,0.7989027741501268,0.6540806909988632,0.8263221298082706
C19,Turkey,Europe,Hybrid,IndoPacific,0.9260974769138179,79218196.03151654,0.0929208273786929,21.852925579721678,0.29672762941650127,0.0060674268331272615,0.008629276459790839,9.895453015825908,45.637357723402495,44.434306720573275,0.0,22.370929858825107,7.458507984258414,0.45607710483064406,0.3775279753938921,55.67444863324381,0.6402319361887497,0.26538459309767765,0.5909518421382833,66.0,37.0,45.0,85.0,46.0,49.0,4.5,5.0,1.0014851248607008,0.5,0.75,0.3458512643338287,0.5895459719690443,0.4660501321855795,0.5889895501707939
C20,Switzerland,Europe,Democracy,Western,0.828508926958393,11866723.904806215,0.566959697217434,0.0,0.29672762941650127,0.0060674268331272615,0.0067630124325392775,9.370678917050393,4.369959229388893,4.1989280789719,0.0,19.579306446848086,6.6331873385907905,0.5014339479223899,0.305902230102998,48.00310718141353,0.3926206599748844,0.03512692516842956,0.5988424585197143,34.0,68.0,70.0,58.0,74.0,66.0,8.0,8.0,1.0009989746927217,0.5,0.57,0.25810838117474,0.6630694039502144,0.456568116584306,0.4597368636935113
C99,Rest of World,Global South,Mixed,Western,20.58877955450661,3064772441.8644447,3.40194462265512,14.188453303023579,0.0,0.0,0.0,11.142063258254712,1773.3741135736732,1774.045446995388,0.0,0.0,0.0,0.33035627007603274,0.49806002713703795,45.31992587467906,0.6924202753394072,8.339441002792828,0.7493970749513301,70.0,35.0,50.0,70.0,40.0,30.0,4.5,3.5,0.5502625950713788,0.45,2.0,0.65,0.45,0.65,0.55
