id,name,region,regime_type,alliance_block,gdp,population,fx_reserves,public_debt_pct_gdp,energy_reserve,energy_production,energy_consumption,food_reserve,food_production,food_consumption,metals_reserve,metals_production,metals_consumption,trust_gov,social_tension,inequality_gini,climate_risk,co2_annual_emissions,biodiversity_local,pdi,idv,mas,uai,lto,ind,traditional_secular,survival_self_expression,tech_level,security_index,military_power,water_stress,regime_stability,debt_crisis_prone,conflict_proneness
USA,United States,North America,Democracy,Western,27.66466796423209,339205987.77435863,0.7093639763130419,39.86545154405485,3280.637663140589,0.0184581915519178,2141.5842776308887,26.391491809128,98.86464967457223,38.08506026310212,0.0,400.5754305935602,285.42713302435453,0.6219351448247922,0.42,41.62655577107367,0.3420522689428603,3.696000423333927,0.5583143245191795,40.0,91.0,62.0,46.0,26.0,68.0,7.902089514095418,6.975174314741716,1.825018809032393,0.67,1.7,0.2815525982,0.68,0.897433943218811,0.55
CHN,China,East Asia,Autocracy,Eurasian,18.60784889314665,1420101435.516024,3.30131972751898,13.697071160496035,3620.435475429677,0.0203700311856036,4018.695016693778,78.18285894698359,465.2635606934493,332.4706040083425,0.0,719.248980192993,475.9769796764503,0.4228506465507238,0.4893850665963256,36.37399787781129,0.4085405143145436,11.021387154791787,0.529233635217656,60.0,20.0,39.0,85.0,75.0,35.0,4.081534809440781,4.793627865256795,1.3715302497790394,0.4848711307270709,1.5098069593087815,0.415185288,0.4687133872881532,0.6,0.4519613918617562
DEU,Germany,Europe,Democracy,Western,4.655507117461164,84125649.34015965,0.100391907874527,2.2780974952168505,27.89829378668645,0.0001569670605419,243.6900886012114,2.743667631199793,13.648676067318254,8.290662873464802,0.0,111.54609897293844,81.01208200689462,0.6936953123386139,0.2792993027641877,32.11657483115701,0.3363914981369365,0.4800485235823939,0.6698280538561355,48.0,61.5,48.5,74.5,61.0,49.0,7.058494501771382,6.700682893889727,1.7032050081916923,0.6225878691673277,1.4604174162026335,0.3535165707,0.6895458781719207,0.9137435253848136,0.2420834832405267
JPN,Japan,East Asia,Democracy,Western,4.301351400981444,125439709.5133387,1.23854106344621,13.775597542291653,17.668080524686843,9.940775183541006e-05,378.1266680893736,1.0902422003008905,10.83551309247818,10.273325913937189,0.0,111.07525813760668,80.73142558367826,0.7263282803481919,0.2692708678223253,31.98151489229074,0.3933853372723085,0.8230391736201728,0.50374878238322,54.0,46.0,95.0,92.0,88.0,42.0,6.1166300589405855,6.6155028123323625,1.6333776071081072,0.7229406141733568,1.381580024665323,0.3664367816,0.7466525566577912,0.6,0.2763160049330646
IND,India,South Asia,Democracy,IndoPacific,3.731723258983143,1469631883.4292812,0.574508789079883,10.509967409230892,1058.0807868096697,0.0059531895459739,1083.7114594224136,24.319681576573,128.9760446524627,88.3897755167647,18.294008974419363,74.25869893808402,43.117844439338455,0.5087830429205542,0.4501130364120768,25.821519931462863,0.5081280618594548,2.674632006599272,0.5039301345679554,77.0,48.0,56.0,40.0,51.0,26.0,2.1204496791234955,5.290860359901587,0.8333854343344815,0.4852055087024013,1.405306494983566,0.6649209283,0.4585641705989838,0.6,0.4310612989967132
GBR,United Kingdom,Europe,Democracy,Western,3.4649992026923018,69200566.19028404,0.157340769137404,45.52800296949213,57.71768774360626,0.0003247430059939,145.6097795646453,2.5858024002957114,12.298578859999862,7.0015409464022325,0.0,40.4167104568139,29.368100370809543,0.6792944383930837,0.2432962471288319,31.95499123858341,0.3092155110351887,0.2474039022213039,0.6479002193989329,35.0,89.0,66.0,35.0,51.0,69.0,7.305731149879313,7.228274120150694,1.704846380442694,0.6128853468655024,1.488439391749944,0.1435464621,0.6730069309473037,0.8183655926787512,0.2476878783499888
AG_GLOBAL_S,Rest of Global South,Global South,Mixed,IndoPacific,3.2730974472352963,1261966729.5029197,0.3169760002646187,47.76300301307673,11740.925246318431,0.0660591840507705,813.9841299774386,16.356171510898367,104.09510760054911,81.59777505062463,152.95991478419108,81.84018998832464,32.62310571767602,0.2730077459056,0.5716417173776177,39.99811300834308,0.4943306436893097,1.1600514499715184,0.4544617115821966,75.35402950766694,33.10842169622831,45.0566537770996,80.87729341899954,23.59697838617268,47.858763630795536,1.893407568802136,4.410119874971987,0.7459460180925033,0.2825572411250919,1.2151250397729911,0.2210834708964928,0.31294028245931,0.6126287036979478,0.2430250079545982
FRA,France,Europe,Democracy,Western,3.1134228033548466,69040812.84631011,0.0792009053842541,7.146130412795646,41.33385998317249,0.0002325609785321,214.25555697055444,4.2177083047480055,15.654639506509072,6.562761571502779,0.0,41.00716501984137,29.67693827672043,0.6684103039414279,0.2729842706300646,31.48382684446072,0.3278124937209821,0.2337379180781833,0.650440067787501,68.0,71.0,43.0,86.0,63.0,48.0,6.624837368570169,6.656600710513166,1.611668929717622,0.5868800296867126,1.4138618416499678,0.2138462716,0.6426203685998916,0.8982458722934621,0.2327723683299936
ITA,Italy,Europe,Democracy,Western,2.3565243445328226,59556434.48718055,0.0848194546539834,7.411767262613913,11.632502586554637,6.544915440776124e-05,135.4623811480131,1.1961872148700077,7.726774014843396,6.026555143378452,0.0,42.55872588149927,30.93638077559749,0.5988694455232887,0.3311768884412145,34.17119151764054,0.3661848939329086,0.2549096939884937,0.634998665309929,50.0,76.0,70.0,75.0,61.0,30.0,6.667596920996734,6.102446990943436,1.4550370533287995,0.4812051358443964,1.258234558108264,0.2976738039,0.6081246912479401,0.8560261771099187,0.2016469116216528
BRA,Brazil,South America,Democracy,Latin,2.223646674673317,212385809.64669272,0.346424359999494,24.962882733239805,892.9029572024208,0.0050238324111472,312.5013278959992,18.350273015704964,62.45291356387491,17.3108590677124,130.8104662504865,51.17027997366243,25.01967009561639,0.3524655205606409,0.5082560640735956,51.99991381522413,0.3711908745751694,0.4183590338508491,0.4831444445658395,69.0,38.0,49.0,76.0,44.0,59.0,4.12441769186746,5.082219842992012,1.1205965113861505,0.3689828795145979,1.0705531666248551,0.01495816821,0.4177468287944794,0.6,0.214110633324971
CAN,Canada,North America,Democracy,Western,2.221658547203327,40684069.8351823,0.11755089924464,12.815467780917023,3476.1292313894064,0.0195581060149089,293.8243249559046,4.047584378333834,13.932702305426504,3.9345060971540327,15.198834539701856,33.69698478818172,18.58537809580112,0.7331931833086106,0.1917568075397361,30.53174607502631,0.2953893203929184,0.4679165778439094,0.557144886318513,39.0,80.0,52.0,48.0,36.0,68.0,7.321701289358195,7.430217559627199,1.5968652853194056,0.6466138615251436,1.2178411242371188,0.03720700309,0.7247886723279953,0.7883546967330048,0.1935682248474237
RUS,Russia,Europe,Autocracy,Eurasian,2.10910416473797,144705063.01834387,0.442537063819197,0.1399999999999999,18323.41986081702,0.1030949554341816,804.9499931924248,8.530219173505529,32.84925487217479,13.921561815104509,70.57900672609287,47.40693717632608,22.719196327458373,0.2854084186339627,0.5074739543386891,33.42313803939347,0.3312751277118071,1.6898903117764372,0.535517599720851,93.0,39.0,36.0,95.0,81.0,20.0,4.121507491695449,4.059373899726513,1.1675430538021825,0.2927990940148782,1.4606117239492584,0.04122242749,0.2873426663875578,0.0,0.3921223447898517
KOR,"Korea, Rep.",East Asia,Democracy,Western,1.880471546502751,52212737.95299103,0.414004455885985,20.55932601379451,16.182679257172367,9.105028479926184e-05,275.7697431988384,0.3622185383063919,3.175039741768706,4.266582732913715,0.0,68.31021413895996,49.64498112809374,0.6610743663150669,0.3916148704078235,32.98152703055309,0.4205808913238268,0.4812797996854751,0.4898796476001665,60.0,18.0,39.0,85.0,100.0,29.0,5.816541387536045,5.8258759773502735,1.6878208960812395,0.6630796724286757,1.375945201992452,0.8522183304000001,0.6856992262601853,0.6,0.2751890403984904
MEX,Mexico,North America,Democracy,Latin,1.8297747010840584,130450586.95457092,0.206351156443452,38.6946494614514,260.8066054092956,0.00146740322308,202.2079362757825,2.420125577053698,14.256451705996009,10.200412987147478,0.0,55.177909765622765,34.40702743607842,0.3624135066349311,0.5521745565665787,44.07863186404367,0.4172139735242648,0.4130727215166959,0.506919618249054,81.0,30.0,69.0,82.0,24.0,97.0,4.261473606553669,5.581359300230357,1.1534541276948442,0.3372579524069437,0.9099791052750568,0.4494514733999999,0.3823621332645416,0.6,0.15
AUS,Australia,Oceania,Democracy,Western,1.7761677966633158,27261756.73041776,0.0566050948520138,41.911105560352176,6028.987070212658,0.0339215145446717,131.26762513521567,3.751258734730911,11.72013340935504,2.74922544501688,873.0855553604499,63.93946514340514,9.222899795382624,0.7366000870095645,0.1992371704959444,33.268707455945474,0.3253368418314097,0.3085323976354252,0.571813203003704,22.0,79.0,58.0,49.0,33.0,75.0,7.741583595323386,7.550738898658677,1.681042050329414,0.6506393803187933,1.2720455383557543,0.04672295939,0.740630676150322,0.8725230916620572,0.2544091076711509
ESP,Spain,Europe,Democracy,Western,1.6501495686097425,48825801.59517594,0.0844178633277431,93.16426687308844,9.208086951596004,5.180841355596873e-05,110.81953799295556,1.7581582950282424,8.22381993153283,4.524389433193429,0.0,21.48355788553148,15.231344710815929,0.6129995923784631,0.3449923888262751,33.32616802556498,0.3453851000926503,0.1858569350544809,0.6755569435032505,48.0,61.5,48.5,74.5,61.0,49.0,6.329803871759083,6.311812928809607,1.4276093694010965,0.5340589138939101,1.149244693040032,0.4325403922999999,0.6028289774060249,0.7953691836580232,0.1798489386080064
AG_EUROPE,Rest of Europe,Europe,Mixed,Western,1.6524919562651674,111795181.647775,0.2358394544785557,50.85872274341691,110.90043706104298,0.0006239706181098,234.28957263070689,9.124900242108748,32.41037098653029,10.952918195858322,0.0,27.78450922240565,17.704912122825856,0.4738193499671276,0.3833545884262159,29.090904854224437,0.3644505250364979,0.4935908620058011,0.5733310397036734,47.72034582105161,63.05799694838141,51.68510196666088,75.04890894423892,71.09570553353772,31.989307295510496,5.033632281461389,5.363799194194481,1.2145606395010764,0.4096555075164095,1.4771178360097377,0.1043562558326686,0.4504441264332358,0.6,0.2454235672019475
IDN,Indonesia,East Asia,Democracy,IndoPacific,1.40343322485164,285338375.1204696,0.141149364857112,57.52909813499752,4730.859128258668,0.0266177228212829,274.4930160666581,14.585374167466329,53.701101909202656,18.73909243303327,148.02759200241317,59.24574889158956,21.86529074259018,0.5001043693015134,0.4395545752134869,36.34106577781689,0.4402013947332486,0.6850178051642215,0.4994750507859594,60.0,20.0,39.0,85.0,75.0,35.0,2.9388172954414187,5.168389679966888,0.9261231104317044,0.4474320025361649,0.8910218862904169,0.2969654528,0.4710515473783017,0.6,0.2
SAU,Saudi Arabia,Middle East,Autocracy,MENA,1.241160601294041,34067848.60026162,0.436526608169088,77.04308711192674,15610.068066463196,0.0878285431355501,253.56893822925224,0.2967342685234135,1.5436893559306435,2.670229240915457,0.0,21.414559328582406,14.967824596180884,0.4391320861565416,0.5337324682982441,34.961097803787446,0.4749287708117524,0.5393987408390396,0.4933203361672885,13.0,54.0,47.0,81.0,36.0,52.0,6.346752144620891,5.463178331742429,1.3477516387330748,0.5804070880711055,1.4562547407529605,1.0,0.5291314867138862,0.6,0.5912509481505921
TUR,Turkiye,Europe,Hybrid,MENA,1.1617032277940993,85816639.37370695,0.0927031904016959,29.323183833204865,20.95814414535177,0.0001179189776286,157.68957141565733,3.5640758414935862,16.441113111159844,9.867773700361433,0.0,28.14611332590053,18.008688501823613,0.3087057080928845,0.5838524500802933,45.188179069400896,0.4098686475172549,0.386700079272621,0.5712968154736106,66.0,37.0,45.0,85.0,46.0,49.0,4.326956848743014,4.676377881023973,1.1775559791008587,0.3515286553917394,1.0457783334320423,0.4788653346,0.3532660490274424,0.6808025038280201,0.2091556666864084
AG_MIDDLE_E,Rest of Middle East,Middle East,Mixed,MENA,1.1575443352174686,198363445.5059686,0.374316475109919,112.64743843052123,17533.243394091776,0.098649103718674,282.80754454824483,1.3197654835116093,10.95965428212226,13.949581836217405,0.0,15.609822130794186,9.430283785652376,0.2408726684361884,0.6635447486334723,34.90021699138995,0.4844993918746766,0.7128198731272538,0.5374116060830412,13.0,54.0,47.0,81.0,24.47929079564651,30.752135517399484,3.815656247852416,4.185626892406006,0.9091968018616235,0.3404104911689074,1.337026079608015,1.0,0.2913976259950078,0.6,0.4174052159216029
NLD,Netherlands,Europe,Democracy,Western,1.16380206869828,18416419.48561052,0.0292189707432849,6.170278167049688,5.8599430619466535,3.2970404728328615e-05,61.05846795796504,0.6749210425884378,3.210055673858905,1.827474255082688,0.0,16.275745086556753,11.83100849415142,0.7595082002673111,0.1998984851445726,25.176184207900164,0.363930967791618,0.100232462497378,0.621704712538848,48.0,61.5,48.5,74.5,61.0,49.0,7.27980710906978,7.051752663403489,1.702291614361914,0.6620699934183529,1.10225288551655,0.1665850697999999,0.7195575171709064,0.8995740889996303,0.17045057710331
CHE,Switzerland,Europe,Democracy,Western,0.9292576351779078,9764857.375390822,0.794931407635069,5.075743092173649,3.885091863551784,2.185909483999093e-05,22.30561342743872,0.0778318457492331,0.7700441946809589,0.9167835823565352,0.0,23.00488844429273,16.72249283482805,0.8003592963181103,0.1631373207460801,33.23005455143592,0.2730001595286627,0.0270063832997819,0.7097969641780015,48.0,61.5,48.5,74.5,61.0,49.0,7.718103766441345,7.33526767936547,1.8810977372211863,0.9080002021789546,0.9039274465299064,0.06498855835,0.7913421952724459,0.6,0.15
POL,Poland,Europe,Hybrid,Western,0.8303834748993164,37007434.68685849,0.169998923785402,46.02743683887748,31.842547380353427,0.0001791590231531,96.74940644098514,2.406000695896031,9.299608693939664,3.6579068525937815,0.0,18.55225185521713,12.52904687553954,0.5742195958708006,0.3385569873148057,28.41571180455913,0.3366895879327478,0.2387360438480303,0.5989006144959435,68.0,60.0,64.0,93.0,38.0,29.0,5.453795123530721,5.774203594465891,1.3412786073248562,0.519199784404529,1.164556383143219,0.3248528903,0.6013488757610321,0.6,0.2329112766286438
TWN,Taiwan,East Asia,Democracy,Western,0.7716726104466621,23717889.21506333,0.577932,21.01734474375646,10.232395026464546,5.7571584193959885e-05,39.95533571141142,0.1404450674308918,1.2786807225134789,1.6543065477136891,0.0,16.437345577172515,11.948470442762735,0.5205712813875136,0.4054534910886383,34.85790065437095,0.4383731319668204,0.2373521312397145,0.502443658125225,60.0,20.0,39.0,85.0,75.0,35.0,5.549904405814528,5.252713975668258,1.3659218044714017,0.6459241217476637,0.7607253207346761,0.2537720149,0.5767154395766556,0.6,0.2
BEL,Belgium,Europe,Democracy,Western,0.6671518929514513,12210234.908503177,0.0257345732314112,45.421024174598735,1.9571953109609543,1.101197073975206e-05,47.68397799506335,0.4757190830273566,2.1497770415293056,1.2960103741254718,0.0,10.140505693403185,7.371239126418689,0.6779282412125218,0.3014329287389809,26.62587070722875,0.375885182739973,0.0697045783109844,0.6055887481250555,65.0,75.0,54.0,94.0,82.0,57.0,7.017646905452748,6.837592405782074,1.7247048672028935,0.5932331293593514,0.8913805356250787,0.5282574225,0.6506734630465507,0.8457048626958844,0.15
ARG,Argentina,South America,Democracy,Latin,0.6630204907734318,45829817.80725759,0.0189867719722626,69.76287167693533,124.81829392318106,0.0007022780980366,83.36391432450318,4.770174059197047,15.781461047851383,3.8091474484802657,0.0,13.832327922849384,8.79488040110172,0.4134978604190526,0.4573479038128222,42.681704744330105,0.3879978215517503,0.1655639649109844,0.4922417637451179,49.0,46.0,56.0,86.0,20.0,62.0,4.872405587719427,5.442114897704151,1.131566487297806,0.3379718638521934,0.677565597448461,0.1045666408,0.4503310096263885,0.8854528797436472,0.2
SWE,Sweden,Europe,Democracy,Western,0.5947257222340036,10967756.0493244,0.0525265401910537,45.16992551271954,12.288973189427388,6.914272296980364e-05,45.15438957360975,0.1530955927677952,1.1718895577097042,1.0303265594766708,0.0,11.757248662962176,7.258955966821339,0.7501251621382226,0.1854654023305921,28.737991249515847,0.3242819722494666,0.0298022416893535,0.542827289337847,31.0,71.0,5.0,29.0,53.0,78.0,7.343821846558352,7.570781487134405,1.736848454019861,0.673899132638855,0.940516651318452,0.03582972583,0.7276766860485081,0.6467175490998094,0.15
IRL,Ireland,Europe,Democracy,Western,0.5965770763735622,6205151.152682373,0.0121066459781845,44.052130327717975,0.7306478559196627,4.110919725481817e-06,13.097192734159217,0.3736348947161541,1.5116182474279294,0.6554884457133692,0.0,25.71496984173873,18.58598813168729,0.749945033719976,0.1932548328853774,28.60437296095265,0.3263966457214597,0.0268909911924391,0.630209000867891,48.0,61.5,48.5,74.5,61.0,49.0,7.692683842182158,7.030863106128926,1.7521108893541568,0.6584027051925652,0.6738958046789542,0.08051010587,0.7445352691411969,0.9188259391274122,0.15
ARE,United Arab Emirates,Middle East,Autocracy,MENA,0.5351051631513919,10824698.733933156,0.184551182266885,108.9631548954496,4231.345714359266,0.023807258752026,87.32196003649719,0.0641322180575183,0.2439654850311732,0.7554152679955103,0.0,7.118756151500784,4.216936471624877,0.5983980532810967,0.4121243960099418,26.595460885159564,0.4517805155017594,0.1601642820584829,0.597698883941202,13.0,54.0,47.0,81.0,25.0,30.0,6.843170547247268,5.849612547003333,1.5394150625830878,0.677683127681355,1.1700443119238322,1.0,0.6827946865558624,0.6,0.5340088623847664
AUT,Austria,Europe,Democracy,Western,0.5312925779820209,9572037.73240982,0.01264654652199,45.02075619557048,4.3206251595193255,2.430958094350993e-05,30.190649265653565,0.3180752049844899,1.5489782755784596,0.9174587635881716,0.0,10.458191759646434,7.575396282773918,0.7129333426309024,0.2238179287715664,30.764811855637237,0.3106076380804803,0.0476842755639578,0.682642396007101,11.0,55.0,79.0,70.0,60.0,63.0,7.401983715696513,6.987821275318463,1.7128250177466693,0.6501877880890478,0.7585035762608746,0.0867642995299999,0.7204743444919586,0.9047865748847864,0.15
THA,Thailand,East Asia,Hybrid,IndoPacific,0.5265932087579434,72602484.19225237,0.208280624418923,57.257470604105166,68.76811052904614,0.0003869171445143,132.63654601854824,4.417815861358794,15.020644330002789,4.052662812690348,0.0,18.03961680660761,13.102425483323414,0.4485951605301265,0.4461037072371517,33.74048566221537,0.4380829449039525,0.2400402847454754,0.580900795168122,64.0,20.0,34.0,64.0,32.0,45.0,3.363033339708892,5.047683578027953,1.1235913395407011,0.5332912957946202,0.7485007838487855,0.2301393518,0.4882785528898239,0.6,0.25
ISR,Israel,Middle East,Democracy,Western,0.5221179060518175,10181399.861630026,0.204660857567016,110.84575365347769,12.97504756999771,7.300285433320061e-05,24.20583570557813,0.0780420213484086,0.7457376703420596,0.9192592468725344,0.0,9.08297005495012,6.6025054644654615,0.5394231055508375,0.62,38.35160647218378,0.3770689384888381,0.0487888791272166,0.6138010164647305,13.0,54.0,47.0,81.0,38.0,30.0,7.146084703434199,5.643824633549347,1.776171268973645,0.66,1.35,1.0,0.48,0.6,0.82
SGP,Singapore,East Asia,Hybrid,IndoPacific,0.4776526440365419,6517314.912427157,0.344581246445917,123.25295812505858,0.0,0.0,31.23699941624778,0.0518137098623048,0.514957255761999,0.4882393362490764,0.0,12.97319614024731,9.43035129361499,0.5024076886851856,0.4924481329424856,35.0410531660614,0.4078350300214897,0.0407029876966846,0.6136841316570896,60.0,20.0,39.0,85.0,75.0,35.0,6.934063228121375,6.3582927372560585,1.893786532399631,0.8918970585470332,1.1144880794931156,0.3325522267,0.6870201134681696,0.6,0.2728976158986231
NGA,Nigeria,Global South,Hybrid,IndoPacific,0.49900047284028,232433579.78017795,0.0320347972369329,52.2206510622928,942.3472180100734,0.0053020257780602,75.83928773016191,5.175151390140254,25.782920632076763,15.360598080131556,0.0,5.599204330861889,3.620506488912304,0.285296922625155,0.5429790046651194,34.48027583953736,0.4664307480445418,0.1116097078298569,0.4740440867684634,75.5,33.0,44.5,81.0,24.0,46.0,1.848243854045868,4.403014743076316,0.7182278921140598,0.2716633724310706,0.5125596381473397,0.09668217054,0.2271710497140882,0.7432082815104939,0.25
NOR,Norway,Europe,Democracy,Western,0.5039820597882549,6193225.009938996,0.0804590960083425,44.18498336872825,4623.127138968617,0.0260115791691122,26.93997826659221,0.1456684087422204,0.8218080891063922,0.5569119858945003,0.0,4.768695909936767,2.958983492567647,0.7910234242758488,0.1443417865327771,25.895879654075213,0.271362922525807,0.0340637980235262,0.5846024736011075,31.0,69.0,8.0,50.0,35.0,55.0,7.978815608024598,7.424514437161699,1.7245950666329966,0.7283227450064916,0.9487263606209492,0.02044007605,0.7619108068943024,0.6,0.15
IRN,Iran,Middle East,Autocracy,Eurasian,0.4661935394938338,91907926.3159131,0.0398530905905842,112.89122611520612,7831.705137916237,0.0440643339671377,295.7068559989871,1.2331860503680554,7.689413986692865,5.996959699391737,6.19563367278744,14.032127891667391,7.666712857187291,0.1917843993331154,0.78,36.91081028496053,0.4345002898682494,0.7225167163634042,0.5292844157758995,13.0,54.0,47.0,81.0,25.0,30.0,3.574852508221652,3.94469271193904,0.8901553990592672,0.36,0.9,0.8128908129,0.32,0.658055402193223,0.88
BGD,Bangladesh,South Asia,Autocracy,IndoPacific,0.4486147732732982,174926425.3898783,0.0209280203621212,56.2475431268777,19.185342649098622,0.0001079444809114,50.906003280957655,1.8004099085400902,12.710736806370456,10.42626110912975,0.0,10.384681719190583,7.548733220839286,0.3294144145618818,0.4999408519223856,31.34814095085651,0.5284984530669873,0.1055645901506759,0.4766752297554339,66.0,31.0,53.0,55.0,50.5,13.0,1.953249301576657,4.080057124363399,0.7130580297416356,0.3121831640550867,0.5654628047663929,0.05723339482,0.347021535038948,0.8133987411121502,0.5
PHL,Philippines,East Asia,Democracy,IndoPacific,0.4463223605822385,116668607.20944184,0.093196024815594,38.826247523567474,15.240216660973555,8.574760985694532e-05,63.23169168957621,1.1987568309498886,9.260785773120588,7.82096179665663,4.81146992839793,15.581842422707869,7.796479685385078,0.4294751843122196,0.4891488595038338,39.68615579288415,0.450692579337127,0.1433205743772642,0.518897856685165,60.0,20.0,39.0,85.0,75.0,35.0,2.568017568522337,4.8476409116238335,1.0349791545510787,0.4226093558923044,0.6941678864029983,0.2783151711,0.4229907688498497,0.6,0.2
VNM,Viet Nam,East Asia,Autocracy,IndoPacific,0.4435741827837139,101917016.14853896,0.0922375408122467,51.64497397578293,79.37166734347097,0.0004465770347275,102.5854447159942,2.4351200110726285,12.764976365311888,8.727730190743896,0.0,15.861761002097133,11.530079154595052,0.3982367852955368,0.4738412829436051,36.43592121169041,0.46239511519466,0.3453011733960996,0.506100681529866,60.0,20.0,39.0,85.0,75.0,35.0,2.576347006592775,4.669610520977893,1.0240673066042394,0.450449794541517,0.7147460972811717,0.1813031537999999,0.4967832014337183,0.6,0.35
DNK,Denmark,Europe,Democracy,Western,0.4189972639299035,6446281.382193332,0.104958130783918,44.96529029858086,4.585517305961501,2.579997106935748e-05,14.753840219584545,0.7169340465581251,2.54779637757878,0.8005398803098555,0.0,8.478699769004916,6.163255104634869,0.795995634901838,0.1961924266627719,29.43008690769413,0.3662096093497191,0.0213223384343633,0.6527126291131919,48.0,61.5,48.5,74.5,61.0,49.0,7.391768493746913,7.258417090313271,1.7531291819870007,0.7744139780818989,0.9380247226079697,0.2526636019,0.7696660244464877,0.6,0.15
MYS,Malaysia,East Asia,Hybrid,IndoPacific,0.4086090415677739,35423058.14518685,0.110884632023729,61.74920934401309,351.0306480253524,0.001975040101089,100.63144016678206,3.67491259856692,14.54745481683116,2.338490195771592,0.0,14.850471094655806,10.119274713465035,0.5480737450834041,0.3728554017295736,40.693464411124914,0.3685434658155209,0.2403033061822531,0.571503651872949,60.0,20.0,39.0,85.0,75.0,35.0,4.12342266941956,5.4212044191108815,1.336221722980512,0.5789318244688976,0.6773607758028297,0.0343948718,0.5821471759676934,0.6,0.25
EGY,"Egypt, Arab Rep.",Middle East,Autocracy,MENA,0.4049330770191081,116735148.3160289,0.0246956577414334,111.28236277265025,282.4968386036183,0.0015894412291679,106.25097128269832,1.0541118340741085,9.343157883380192,8.432563462313654,0.0,6.745756057666625,4.756736779505325,0.3287985845652438,0.5930346225693046,29.280803166490315,0.4759994752491977,0.2445098615773368,0.6407821210532956,13.0,54.0,47.0,81.0,7.0,4.0,3.052712972056417,4.173805598775691,0.8651522503045508,0.3766903875765363,0.5440983771926448,1.0,0.3858663259446621,0.7560519587757158,0.5
ZAF,South Africa,Global South,Hybrid,IndoPacific,0.3888770721972158,63624432.91286443,0.0541760790203129,78.29785181736096,551.1450746201938,0.0031009646309116,122.44160684284437,1.1713348861551849,5.596014578005174,3.1660373253468914,218.71505149804912,30.66291542853264,4.033737793706829,0.3327972859516925,0.6458045744943612,63.90092741921788,0.44622281054921,0.3783241799396509,0.507832608784832,75.5,33.0,44.5,81.0,24.0,46.0,3.2980932362579103,4.838555642208787,0.9567873355538206,0.4206233478722575,0.5587554452036586,0.6759526096999999,0.4208132643252611,0.6,0.25
HKG,Hong Kong SAR,East Asia,Hybrid,Eurasian,0.3913408233482063,7902064.106541417,0.425415930233182,52.05395675440116,0.0,0.0,11.79525267403187,0.0528973769379531,0.0469250955987081,0.6230797465948369,0.0,0.5446989858042274,0.3959473617664542,0.6328365385488969,0.33326037326957,34.659386655875835,0.43835493495979,0.0279069588642942,0.502443658125225,60.0,20.0,39.0,85.0,75.0,35.0,6.161563874287394,5.79424143803895,1.682428766173414,0.8252666246891023,0.8192620449287609,0.2537720149,0.700912379026413,0.6,0.25
COL,Colombia,South America,Democracy,Latin,0.3736808825603016,52736994.537911415,0.0587306979485871,68.51075144285265,956.8075943839848,0.0053833856917201,45.09861509873478,0.8767713955515827,5.595339396773538,4.193213039075928,0.0,5.2527656695648215,3.3825008528198763,0.3696744268557618,0.5349805791301904,54.4048050712044,0.4040319106608973,0.0821884184975368,0.4678915135811535,67.0,13.0,64.0,80.0,13.0,83.0,3.316347816759598,5.301447942234146,0.9816116459644294,0.3890768347307278,0.8764844519684473,0.03632281437,0.395146781206131,0.6,0.2
ROU,Romania,Europe,Hybrid,Western,0.3556726848696089,19260297.14963921,0.0661285546815027,46.328761354239774,20.00089867505889,0.0001125331282703,30.48555948646169,1.0164689065899524,4.207841965761376,1.907049388756132,0.0,6.029586841813627,4.287945695755249,0.511618258817067,0.3533250151494719,29.759404710736792,0.4062215166647529,0.0607093304617554,0.550006020889132,48.0,61.5,48.5,74.5,61.0,49.0,5.379216554915598,5.789472585810737,1.2110650744824412,0.4763067426307372,0.7432634357219488,0.0763130793,0.5592654877901078,0.6,0.2
CZE,Czechia,Europe,Democracy,Western,0.3536280233124397,11122876.176187884,0.146345006364796,45.070925129669455,9.48289423886334,5.3354590265830535e-05,38.09578014359645,0.4642912730993684,1.8711522532741465,0.8911266955543641,0.0,9.327728799609424,6.780423143298724,0.691657931709967,0.2376938763809089,25.29527312244146,0.2931814070824528,0.0714782943232091,0.642194867851835,57.0,58.0,57.0,74.0,70.0,29.0,6.113651467110287,6.355848246410362,1.50609337894059,0.6853410156726906,0.7762371961057983,0.2197384428,0.7080794185400012,0.6,0.15
PAK,Pakistan,South Asia,Autocracy,IndoPacific,0.3444232993566194,253151101.1138525,0.0094426276017665,56.36428869761593,76.5635184459539,0.0004307772556666,116.41473685443457,4.050737569967698,18.92341690926992,11.69278856947378,0.0,5.2063078823611,3.609048826277759,0.2687527983189438,0.6746126283775196,30.641153992092857,0.555866147521119,0.1851562913463549,0.500528561999661,55.0,14.0,50.0,70.0,50.0,0.0,1.8057203578948973,3.44247156942701,0.7112999308379716,0.2832267671908284,0.7755678465463517,1.0,0.2212937217950823,0.8903369473620946,0.5
CHL,Chile,South America,Democracy,Latin,0.3432964057696893,19855012.43779673,0.0463610548368251,69.41792961245956,5.754928615260409,3.237955106764189e-05,40.0597719539848,0.4769971048675115,2.382376975827938,1.4235070966994197,316.71224291831595,22.319951872161504,2.745434753061464,0.569577371451863,0.3726875787157948,43.00566363291479,0.3445411975587208,0.0665970647082646,0.5213872395257505,63.0,23.0,28.0,86.0,31.0,68.0,4.82252817405763,6.0663851367403865,1.2068175565448571,0.5363290258458474,0.7444295642503751,0.08982121089,0.5749345119297505,0.6,0.2
AG_EAST_ASI,Rest of East Asia,East Asia,Mixed,IndoPacific,0.3066895609247668,114635160.78317408,0.6771457163284265,51.63205052861984,1611.6500375036017,0.0090677935698692,69.3852091620786,3.223902562395216,14.367829251744356,8.049734439508239,50.04873738721637,11.548493432385776,4.032886533421798,0.2017430731207495,0.5837421920598684,33.60010110268405,0.4731519200072593,0.1654104463996966,0.4447540347869771,60.0,20.0,39.0,85.0,74.92154290512795,34.53574091689799,1.8377886180212004,3.6895048825821695,0.7387673081691941,0.3878342793514391,1.2022452319376915,0.106027071957073,0.2697284966826429,0.6,0.2404490463875383
AG_OCEANIA,Rest of Oceania,Oceania,Mixed,Western,0.3036740486515359,18459900.867821548,0.0268696669619234,50.9674747683336,1006.89739780694,0.0056652111419266,75.1383790296114,0.9943671937262412,4.900544057440822,1.4433870943291731,25.256928178787632,5.394703321191771,2.137261689940296,0.5084868460754574,0.3534867649360835,31.39187001047033,0.4587012991958874,0.0354561473622139,0.4514458020791905,22.0,79.0,58.0,49.0,33.0,75.0,5.659636141234802,6.347372531631709,1.2521974294314542,0.4339999774160124,1.0554587475899289,0.0261967885873577,0.5341277412063489,0.6460722662178331,0.2110917495179858
FIN,Finland,Europe,Democracy,Western,0.3047712918878628,5966991.497103364,0.0136784948966915,44.76846171337383,8.84590399277137,4.977062605327158e-05,32.73314910812008,0.1421216955061331,0.8066165113945802,0.549597522551776,0.0,6.589007750778206,3.670180521805676,0.7731705935248394,0.1706549628647625,26.821433872771305,0.2958825856471647,0.0269994591589623,0.5710419294128345,33.0,63.0,26.0,59.0,38.0,57.0,7.196725857462211,7.292946212419155,1.6705455432149954,0.7045854300212124,0.8369723779552579,0.0711406213,0.7464350944757461,0.8204752841127261,0.15
PRT,Portugal,Europe,Democracy,Western,0.2997037941157138,10802277.779728368,0.009871410247801,45.96316023181712,1.7437391259057653,9.810980092123364e-06,19.58762804207323,0.1773711623301936,1.2813814474400231,1.153884724866075,0.0,4.682100017728082,2.9365745796675564,0.6576271641401299,0.2720688678495505,33.61025157310261,0.3333290669029612,0.0316184599073498,0.5987858765501219,48.0,61.5,48.5,74.5,61.0,49.0,6.0618957192595495,6.544979627651159,1.4045381091173927,0.5677756942741162,0.7023458678819653,0.1231571227999999,0.6712688487768177,0.8682511140450933,0.15
IRQ,Iraq,Middle East,Autocracy,MENA,0.272428277595833,44615419.41070433,0.10277885611346,22.337489701790822,5723.226705945187,0.0322011833310044,63.57607880067723,0.2817666123241273,1.1949582497906035,2.3860904726019365,0.0,0.8877157068832779,0.6452897862846526,0.1786953234068591,0.6571050110903031,30.72137554270352,0.4660413942982469,0.2058098826635515,0.4820108731572199,13.0,54.0,47.0,81.0,25.0,17.0,3.878407450682768,3.644215022322834,0.8786640557015262,0.243964925480369,0.6701296769726492,0.5958384831,0.094316612482071,0.6,0.5
AG_SOUTH_AM,Rest of South America,South America,Mixed,Latin,0.272566071735781,34203668.2916453,0.0690954705682952,30.118827731558905,16.247220547368087,9.141342014664432e-05,27.9584012065002,0.912531101899944,4.553984877180143,2.718504698977437,219.35831017558604,16.689816537594403,2.7465756854182963,0.3709135942852401,0.4936845578086409,41.08374222484373,0.404695913640736,0.0576553587362445,0.459478461762397,64.0,16.0,42.0,87.0,25.0,46.0,3.523688568941712,4.6917096637515785,0.9718343703755452,0.3785064176894833,0.5664130385669336,0.0482842771999999,0.3960220438241959,0.6,0.2
AG_SOUTH_AS,Rest of South Asia,South Asia,Mixed,IndoPacific,0.1552536835554987,96553798.87696531,0.0259583061845218,59.46358668810435,10.252856464220622,5.768670850097274e-05,46.11554000190003,0.7698797404847711,5.8363790964676205,5.575309020235,0.0,2.00934851379801,1.4517607341477936,0.2418273363755928,0.6098296582355759,32.42109102199476,0.5287825540910986,0.0461299211707377,0.4957273318523659,66.0,31.0,53.0,55.0,50.5,13.0,1.8777662947586344,3.671689517184161,0.6898114541381718,0.2762131193949637,0.7115477938931096,0.4790270937096484,0.2690247589816779,0.6,0.35
