country,iso3,year,ppp_gdp_const2021intl_usd,co2_mtco2_ar5
United States,USA,2015,20711851459029.9,5132.9841
United States,USA,2016,21088693546497.8,5028.952
United States,USA,2017,21606973981564.2,4959.4579
United States,USA,2018,22247945959987.6,5118.3744
United States,USA,2019,22822794024024.9,4967.9122
United States,USA,2020,22329130338640.6,4466.8765
United States,USA,2021,23681171000000,4754.3785
United States,USA,2022,24276130895657.9,4815.7665
United States,USA,2023,24977117771722.8,4618.2675
China,CHN,2015,20500277500109.2,10749.8966
China,CHN,2016,21889285206099.4,10773.7258
China,CHN,2017,23397734154416.1,10999.4188
China,CHN,2018,24978653070010,11527.5117
China,CHN,2019,26494483218696,11813.0582
China,CHN,2020,27114504049776,11964.1285
China,CHN,2021,29438240129870.1,12551.8645
China,CHN,2022,30360890176120.6,12518.6844
China,CHN,2023,32004884803945.3,13021.242
Japan,JPN,2015,5516229705512.24,1232.5762
Japan,JPN,2016,5557812520391.56,1228.6537
Japan,JPN,2017,5650924318247.5,1212.9423
Japan,JPN,2018,5687281858057.76,1163.1278
Japan,JPN,2019,5664409362056.56,1123.813
Japan,JPN,2020,5428273471388.26,1060.2269
Japan,JPN,2021,5574650884739.54,1080.206
Japan,JPN,2022,5627164027811.25,1050.5032
Japan,JPN,2023,5710166656067.31,1002.4382
Germany,DEU,2015,4866374389150.05,784.9143
Germany,DEU,2016,4974516039340.52,789.2489
Germany,DEU,2017,5113698357920.12,774.4767
Germany,DEU,2018,5171774427975.31,746.6974
Germany,DEU,2019,5222340661010.2,696.5002
Germany,DEU,2020,5006558013528.86,642.0878
Germany,DEU,2021,5202314428956.09,670.667
Germany,DEU,2022,5296437725413.92,658.0886
Germany,DEU,2023,5250377382984.22,589.6596
India,IND,2015,8616416873256.67,2278.2296
India,IND,2016,9327814573620.6,2311.9771
India,IND,2017,9961675338509.53,2441.2015
India,IND,2018,10604587056326.2,2556.7189
India,IND,2019,11015136957033.9,2551.4851
India,IND,2020,10378712667572,2356.959
India,IND,2021,11384367630967.9,2597.9343
India,IND,2022,12250645714410.2,2807.0805
India,IND,2023,13376572539398.9,3014.5226
United Kingdom,GBR,2015,3231796162259.34,415.8847
United Kingdom,GBR,2016,3303106397607.75,391.8614
United Kingdom,GBR,2017,3402966643457.11,380.7118
United Kingdom,GBR,2018,3455757918242.05,373.8821
United Kingdom,GBR,2019,3499172570328.69,359.0131
United Kingdom,GBR,2020,3147579327299.14,319.6964
United Kingdom,GBR,2021,3416480549650.65,337.9148
United Kingdom,GBR,2022,3592419181254.14,324.9949
United Kingdom,GBR,2023,3602177989697.14,304.7866
France,FRA,2015,3372859106073.87,332.1533
France,FRA,2016,3401866742516.37,334.7732
France,FRA,2017,3472748543479.96,338.709
France,FRA,2018,3529906814718.25,328.5501
France,FRA,2019,3601473785622.54,322.9043
France,FRA,2020,3333500874071.68,287.0868
France,FRA,2021,3562923665911.39,316.7044
France,FRA,2022,3659719845024.82,307.6802
France,FRA,2023,3712391079956.77,284.1541
Italy,ITA,2015,2849572563276.21,353.7401
Italy,ITA,2016,2884799580139.13,349.1697
Italy,ITA,2017,2931063109648.27,345.6817
Italy,ITA,2018,2955292646480.9,340.3734
Italy,ITA,2019,2967975655283.17,332.562
Italy,ITA,2020,2704769008361.9,295.2134
Italy,ITA,2021,2946333608376.65,330.3484
Italy,ITA,2022,3088381557782.51,331.006
Italy,ITA,2023,3118514737285.23,304.3081
Brazil,BRA,2015,3702171668947.24,517.9408
Brazil,BRA,2016,3580891601343.17,482.7112
Brazil,BRA,2017,3628262108191.33,494.7579
Brazil,BRA,2018,3692978213430.52,471.0836
Brazil,BRA,2019,3738061272457.94,468.5794
Brazil,BRA,2020,3615574020907.98,447.921
Brazil,BRA,2021,3787769507579.26,506.2334
Brazil,BRA,2022,3902034936460.01,479.2664
Brazil,BRA,2023,4028525459883.49,480.235
Canada,CAN,2015,1987343333305.37,574.3793
Canada,CAN,2016,2007982905874.52,574.0983
Canada,CAN,2017,2068901792299.98,591.893
Canada,CAN,2018,2125651012259.85,612.5836
Canada,CAN,2019,2166217615236.3,609.0758
Canada,CAN,2020,2057078515077.34,548.4454
Canada,CAN,2021,2179485548675.88,561.7344
Canada,CAN,2022,2270784989049.25,575.8352
Canada,CAN,2023,2305499512574.39,567.0969
South Korea,KOR,2015,2287974804720.38,643.7994
South Korea,KOR,2016,2360538554612.69,648.8158
South Korea,KOR,2017,2441580369855.04,665.288
South Korea,KOR,2018,2519127786865.1,680.496
South Korea,KOR,2019,2577415418649.28,654.9901
South Korea,KOR,2020,2559367265189.04,617.3408
South Korea,KOR,2021,2677430056971.27,638.7702
South Korea,KOR,2022,2750458690513.83,613.5467
South Korea,KOR,2023,2793998855187.97,590.365
Russia,RUS,2015,5149170806802.09,1757.1139
Russia,RUS,2016,5159144239407.11,1734.6382
Russia,RUS,2017,5253339382318.58,1763.2401
Russia,RUS,2018,5400813511031.75,1831.1328
Russia,RUS,2019,5519527481141.07,1858.002
Russia,RUS,2020,5373058291702.31,1784.1991
Russia,RUS,2021,5688268314339.54,1938.4596
Russia,RUS,2022,5606591485618.39,1895.4729
Russia,RUS,2023,5835481974159.47,1948.3024
Australia,AUS,2015,1330837702518.83,400.6316
Australia,AUS,2016,1367510807305.48,408.6132
Australia,AUS,2017,1398872073529.42,411.2113
Australia,AUS,2018,1439078040530.65,409.2476
Australia,AUS,2019,1470651657904.5,407.9086
Australia,AUS,2020,1468687868740.01,392.5458
Australia,AUS,2021,1498163677059.36,384.7347
Australia,AUS,2022,1561881261293.28,378.0651
Australia,AUS,2023,1617856290055.37,377.4957
Spain,ESP,2015,1998654758407.75,271.5397
Spain,ESP,2016,2056918662236.11,263.0479
Spain,ESP,2017,2116487892218.07,278.3849
Spain,ESP,2018,2167186481182.85,271.7891
Spain,ESP,2019,2209688876689.13,254.3514
Spain,ESP,2020,1967947352764.79,214.4546
Spain,ESP,2021,2099468112223.22,233.1927
Spain,ESP,2022,2233210888832.33,238.6544
Spain,ESP,2023,2288167036933.65,220.9934
Mexico,MEX,2015,2592028320709.19,490.4272
Mexico,MEX,2016,2637971847432.57,496.4682
Mexico,MEX,2017,2687347519200.64,500.6875
Mexico,MEX,2018,2740344218431.87,478.1534
Mexico,MEX,2019,2729583146879.94,493.673
Mexico,MEX,2020,2501552826853.88,439.0381
Mexico,MEX,2021,2652858835882.47,452.7201
Mexico,MEX,2022,2751273454677.72,452.9546
Mexico,MEX,2023,2843538549187.14,475.5955
Indonesia,IDN,2015,2851952560361.74,512.3973
Indonesia,IDN,2016,2995493305785.44,507.0965
Indonesia,IDN,2017,3147358403078.01,535.7474
Indonesia,IDN,2018,3310211902647.8,596.4692
Indonesia,IDN,2019,3476360960874.61,637.5692
Indonesia,IDN,2020,3404556313997.13,596.2839
Indonesia,IDN,2021,3530623140454.75,622.6868
Indonesia,IDN,2022,3718000273848.35,722.6996
Indonesia,IDN,2023,3905722974651.64,772.5618
Netherlands,NLD,2015,1068593959380.7,169.3542
Netherlands,NLD,2016,1094499730244.85,170.7937
Netherlands,NLD,2017,1124943745824.96,168.176
Netherlands,NLD,2018,1150353304391.89,163.095
Netherlands,NLD,2019,1176812483876.89,157.9744
Netherlands,NLD,2020,1131293926122.04,142.1604
Netherlands,NLD,2021,1202303330254.13,145.8948
Netherlands,NLD,2022,1262505478021.61,133.114
Netherlands,NLD,2023,1254954481146.74,122.9178
Saudi Arabia,SAU,2015,1744214812221.99,611.4483
Saudi Arabia,SAU,2016,1773937059241.04,609.5099
Saudi Arabia,SAU,2017,1794906894436.69,603.3295
Saudi Arabia,SAU,2018,1852827658444.24,580.0429
Saudi Arabia,SAU,2019,1883428760986.53,579.8088
Saudi Arabia,SAU,2020,1811768270289.69,577.1045
Saudi Arabia,SAU,2021,1929888259783.05,590.321
Saudi Arabia,SAU,2022,2161486188573.72,620.4308
Saudi Arabia,SAU,2023,2173214249211.45,635.4338
Turkey,TUR,2015,2032491746703.96,367.843
Turkey,TUR,2016,2100044965183.79,391.2631
Turkey,TUR,2017,2264391487395.45,433.2199
Turkey,TUR,2018,2342924050076.82,429.3432
Turkey,TUR,2019,2373420103722.98,414.4775
Turkey,TUR,2020,2416214350889.36,423.0905
Turkey,TUR,2021,2701595710002.02,460.7071
Turkey,TUR,2022,2848595614232.43,444.4077
Turkey,TUR,2023,2992310786629.76,446.4386
Switzerland,CHE,2015,634150571985.999,40.2217
Switzerland,CHE,2016,647269179490.259,40.7885
Switzerland,CHE,2017,656090161634.552,39.8183
Switzerland,CHE,2018,674857265070.437,38.5179
Switzerland,CHE,2019,682564014843.147,38.3954
Switzerland,CHE,2020,667945287968.94,35.9401
Switzerland,CHE,2021,705080509164.276,37.6301
Switzerland,CHE,2022,726543590171.716,34.4805
Switzerland,CHE,2023,731508267222.482,33.6661
